{"cameraMode":{"drawMode":0,"name":"Shaded","section":"Shading Mode"},"sceneLighting":true,"audioPlay":false,"sceneViewState":{"showFog":true,"showMaterialUpdate":true,"showSkybox":true,"showFlares":true,"showImageEffects":true,"showParticleSystems":true},"in2DMode":false,"pivot":{"x":1.061353087425232,"y":0.7551805973052979,"z":0.9535279273986816},"rotation":{"x":-0.026711808517575265,"y":0.9716377258300781,"z":-0.19232062995433808,"w":-0.13497909903526307},"size":4.357883930206299,"orthographic":false}