{"cameraMode":{"drawMode":0,"name":"Shaded","section":"Shading Mode"},"sceneLighting":true,"audioPlay":false,"sceneViewState":{"showFog":true,"showMaterialUpdate":false,"showSkybox":true,"showFlares":true,"showImageEffects":true,"showParticleSystems":true},"in2DMode":false,"pivot":{"x":7.195258140563965,"y":2.062051296234131,"z":-0.6415159702301025},"rotation":{"x":-0.06295750290155411,"y":0.6766690611839294,"z":-0.05826411023736,"w":-0.731273353099823},"size":9.585241317749024,"orthographic":false}