{"cameraMode":{"drawMode":0,"name":"Shaded","section":"Shading Mode"},"sceneLighting":true,"audioPlay":false,"sceneViewState":{"showFog":true,"showMaterialUpdate":false,"showSkybox":true,"showFlares":true,"showImageEffects":true,"showParticleSystems":true},"in2DMode":false,"pivot":{"x":12.745954513549805,"y":3.702388286590576,"z":12.225733757019043},"rotation":{"x":0.08097568154335022,"y":-0.9096012711524963,"z":0.21144789457321168,"w":0.3483651876449585},"size":2.8578836917877199,"orthographic":false}