{"cameraMode":{"drawMode":0,"name":"Shaded","section":"Shading Mode"},"sceneLighting":true,"audioPlay":false,"sceneViewState":{"showFog":true,"showMaterialUpdate":false,"showSkybox":true,"showFlares":true,"showImageEffects":true,"showParticleSystems":true},"in2DMode":false,"pivot":{"x":0.02038479596376419,"y":1.7850664854049683,"z":-3.945477247238159},"rotation":{"x":0.24963334202766419,"y":0.025616265833377839,"z":-0.006601123139262199,"w":0.9679790735244751},"size":7.338700294494629,"orthographic":false}