{"cameraMode":{"drawMode":0,"name":"Shaded","section":"Shading Mode"},"sceneLighting":true,"audioPlay":false,"sceneViewState":{"showFog":true,"showMaterialUpdate":true,"showSkybox":true,"showFlares":true,"showImageEffects":true,"showParticleSystems":true},"in2DMode":false,"pivot":{"x":3.0113627910614015,"y":4.361832618713379,"z":12.79270076751709},"rotation":{"x":0.03558770939707756,"y":-0.9601058959960938,"z":0.23690155148506165,"w":0.14424940943717957},"size":4.357883930206299,"orthographic":false}