{"cameraMode":{"drawMode":0,"name":"Shaded","section":"Shading Mode"},"sceneLighting":true,"audioPlay":false,"sceneViewState":{"showFog":true,"showMaterialUpdate":true,"showSkybox":true,"showFlares":true,"showImageEffects":true,"showParticleSystems":true},"in2DMode":false,"pivot":{"x":-6.027702331542969,"y":3.818223714828491,"z":5.290993690490723},"rotation":{"x":0.06370038539171219,"y":-0.9292548894882202,"z":0.19119630753993989,"w":0.30963134765625},"size":4.357883930206299,"orthographic":false}