{"cameraMode":{"drawMode":0,"name":"Shaded","section":"Shading Mode"},"sceneLighting":true,"audioPlay":false,"sceneViewState":{"showFog":true,"showMaterialUpdate":true,"showSkybox":true,"showFlares":true,"showImageEffects":true,"showParticleSystems":true},"in2DMode":false,"pivot":{"x":9.70733642578125,"y":-10.874797821044922,"z":3.6329379081726076},"rotation":{"x":0.24711331725120545,"y":0.6060160994529724,"z":-0.2058289349079132,"w":0.7275396585464478},"size":33.34480285644531,"orthographic":false}